id,osm_id,latitude,longitude
0,245650967,18.7540095,73.4043777
1,245650970,18.7541977,73.4057933
2,245650975,18.7544899,73.4066282
3,245650984,18.7553376,73.3997257
4,245651065,18.7592394,73.4307044
5,283138761,18.7599702,73.4690762
6,283138775,18.7536411,73.470156
7,283138780,18.7618338,73.4524241
8,283138810,18.7589923,73.4158217
9,283138816,18.7609051,73.4227332
10,283138819,18.7600723,73.426857
11,283138820,18.7587352,73.3941155
12,283138824,18.7591631,73.3945663
13,283144827,18.7287215,73.3970219
14,283144872,18.7331408,73.4021701
15,283144897,18.7330874,73.4054149
16,283144951,18.7457587,73.4010335
17,283144964,18.7473742,73.3987935
18,283144970,18.7492878,73.3947394
19,283144993,18.7540961,73.3927714
20,283145023,18.7546476,73.3958896
21,283145030,18.7547099,73.3968761
22,283145041,18.7546534,73.3992991
23,283145079,18.74982,73.403978
24,283145091,18.7510594,73.4045193
25,454147967,18.7597122,73.3909283
26,454147980,18.7617327,73.3914421
27,454148000,18.7625163,73.3908081
28,454148006,18.7630602,73.3903081
29,454148013,18.7630314,73.390832
30,454148030,18.762886,73.3919389
31,476648129,18.7582407,73.4088289
32,476648130,18.7586115,73.4091668
33,476648132,18.7589555,73.4095629
34,476648153,18.7691619,73.4081159
35,476648156,18.7715049,73.4054525
36,476677518,18.7699709,73.4012453
37,506247872,18.7218212,73.4779757
38,506249106,18.7093754,73.4796409
39,506249112,18.7092941,73.4797439
40,506265028,18.7331307,73.4779579
41,533742997,18.7564742,73.4290055
42,533744509,18.7350317,73.4323734
43,535077831,18.7460843,73.415527
44,535077836,18.7423896,73.4181668
45,535077844,18.7414525,73.4230585
46,535077860,18.7386914,73.4334103
47,535078117,18.7342859,73.4395901
48,535078123,18.7306525,73.441341
49,535078134,18.7296157,73.4429606
50,535078137,18.7289451,73.4451278
51,535078144,18.72799,73.4488132
52,535078542,18.7243771,73.451409
53,535079667,18.7153495,73.4662046
54,535079682,18.711676,73.4675994
55,535079696,18.7095471,73.4699061
56,535083222,18.7476542,73.4080801
57,535083224,18.7478096,73.4073136
58,535083225,18.7478382,73.4071888
59,535083226,18.7485583,73.4073082
60,535188338,18.7533097,73.4041846
61,800586760,18.7716863,73.4082131
62,810288301,18.7551761,73.4079961
63,920504739,18.7160887,73.4594833
64,920513221,18.7070118,73.461714
65,921175127,18.7607165,73.4294841
66,968817245,18.759794,73.3909405
67,975015028,18.7485085,73.4054333
68,975015036,18.7480912,73.4054813
69,1131076796,18.7603896,73.425309
70,1131076801,18.7604855,73.4423233
71,1131076810,18.7588162,73.4327226
72,1131076811,18.7607161,73.4648215
73,1131077029,18.7591116,73.4171107
74,1131077113,18.7606921,73.4255626
75,1131077290,18.7562383,73.4291774
76,1131077343,18.759156,73.4313478
77,1131077448,18.7585748,73.4224791
78,1131077510,18.7606372,73.424985
79,1131077519,18.7591249,73.4310659
80,1131077562,18.7590858,73.4312786
81,1219124747,18.7637416,73.4067318
82,1219124804,18.7649878,73.4029937
83,1219125525,18.7600131,73.4041882
84,2052098571,18.7601604,73.3842682
85,2052098595,18.7639237,73.3838739
86,2052098609,18.7657256,73.3835621
87,2052098639,18.7748262,73.3854881
88,2052098643,18.7761996,73.3870025
89,2052098673,18.7797397,73.3878133
90,2074628078,18.7598096,73.4146205
91,2074628079,18.7584706,73.4147221
92,2074628093,18.7658971,73.4079383
93,2074628094,18.7635994,73.411714
94,2074628095,18.7629885,73.4116421
95,2074628096,18.7628869,73.413804
96,2074628099,18.761419,73.4142171
97,2074628100,18.761358,73.4146194
98,2074634904,18.7630498,73.4084568
99,2074635778,18.7650761,73.4119801
100,2074636045,18.7649522,73.4121694
101,2074636340,18.7646596,73.4138147
102,2222379161,18.760246,73.4711908
103,2222379171,18.7603216,73.474109
104,2222379181,18.7605557,73.4423342
105,2222379185,18.7606504,73.4655712
106,2285328935,18.7600444,73.4690413
107,2302127575,18.7578665,73.4294733
108,2302127611,18.7592633,73.4284058
109,2302127623,18.7591591,73.4293303
110,2302127712,18.7606196,73.429059
111,2325383099,18.7479836,73.4063882
112,2325383103,18.7477897,73.4061859
113,2325383113,18.747399,73.4050275
114,2325393210,18.7468902,73.4070722
115,2325393215,18.7435486,73.4068945
116,2325393216,18.7466101,73.4132633
117,2325393219,18.7465807,73.4092459
118,2325393222,18.7468648,73.4048727
119,2325393229,18.7461536,73.4033332
120,2325421552,18.7495152,73.3966637
121,2325421554,18.749177,73.3988913
122,2325421561,18.7513359,73.3956512
123,2325421563,18.7479294,73.3991829
124,2325458889,18.7472766,73.4152956
125,2325458891,18.7470081,73.4154187
126,2325458895,18.7485153,73.4215407
127,2325458904,18.7506752,73.4221135
128,2325458906,18.7495668,73.4168705
129,2325610614,18.7467714,73.4079578
130,2325610616,18.7472874,73.4080103
131,2325631421,18.7473648,73.4092613
132,2325631422,18.7470775,73.4092394
133,2325631424,18.7470252,73.4105302
134,2325631425,18.7476544,73.4093045
135,2325631427,18.7474209,73.4072115
136,2325631429,18.7474776,73.4086863
137,2325631430,18.7439296,73.408933
138,2325631431,18.7471839,73.4086523
139,2325631432,18.7466872,73.4085869
140,2325631433,18.7464739,73.4104423
141,2325639822,18.7478956,73.4068974
142,2325639823,18.7490763,73.4070813
143,2325639825,18.7484816,73.4063796
144,2325639826,18.7483969,73.4069664
145,2450675097,18.746929,73.4150283
146,2450675099,18.746789,73.4145953
147,2450675103,18.7464979,73.4136216
148,2450682328,18.7461792,73.4141724
149,2450682331,18.7449052,73.4141767
150,2450682333,18.7442875,73.4140551
151,2450682335,18.7439959,73.4164298
152,2450682340,18.74596,73.4158124
153,2451932759,18.7423289,73.4176347
154,2451932761,18.7421362,73.4178484
155,2451932764,18.74113,73.4190348
156,2451932769,18.7425583,73.4161226
157,2451932772,18.7422526,73.4178647
158,2684638085,18.7330568,73.443396
159,2684638096,18.7396329,73.4675507
160,2684638203,18.7652628,73.3868108
161,2684638215,18.7660106,73.3880248
162,3105811618,18.7642495,73.4117468
163,3105811623,18.7652333,73.4140267
164,3105811624,18.765707,73.4142002
165,3222953593,18.7639897,73.3844483
166,3222953610,18.7644422,73.3858525
167,3222953623,18.7649639,73.3853371
168,3222953657,18.7663269,73.3858495
169,3222953664,18.7665485,73.3845521
170,3222953666,18.7667052,73.3838268
171,3222953671,18.7666917,73.3837163
172,3222953675,18.7668062,73.3817941
173,3222953676,18.766865,73.3830834
174,3222953677,18.7668692,73.3837052
175,3222953683,18.767838,73.3845156
176,3222953684,18.767923,73.3829694
177,3222953685,18.7680042,73.3854116
178,3222953691,18.7687793,73.3833684
179,3222953693,18.7688182,73.3829
180,3222953715,18.7693438,73.3819112
181,3222953717,18.7694209,73.3832335
182,3222953719,18.7696331,73.3867234
183,3222953720,18.7696637,73.3875227
184,3222953724,18.7697872,73.3814342
185,3222953727,18.7698096,73.3885728
186,3222953728,18.7698119,73.3822972
187,3222953741,18.77001,73.3830511
188,3222953742,18.7699826,73.3853149
189,3222953751,18.7702257,73.3819633
190,3222953756,18.7702338,73.3841895
191,3222953759,18.7702737,73.3829662
192,3222953760,18.7702766,73.3810877
193,3222953771,18.7704031,73.3813128
194,3222953775,18.7704577,73.3853686
195,3222953782,18.7705731,73.3835264
196,3222953783,18.7705731,73.383616
197,3222953788,18.7706037,73.3884545
198,3222953797,18.7708644,73.3815217
199,3222953807,18.7712916,73.3810356
200,3222953808,18.7714306,73.3809291
201,3222953816,18.7722732,73.3865012
202,3222953845,18.7748987,73.3830162
203,3222953866,18.7753496,73.3838575
204,3222953872,18.7755034,73.3845629
205,3222953929,18.7763378,73.3862044
206,3222953965,18.7767339,73.3831987
207,3222954014,18.7771245,73.3839634
208,3222954025,18.777299,73.3832639
209,3222954026,18.7773265,73.3859886
210,3222954045,18.778463,73.3857099
211,3222954047,18.7786174,73.3860414
212,3222954058,18.7788646,73.3865721
213,3222954067,18.7789819,73.3868238
214,3222954115,18.7795815,73.3852751
215,3222954133,18.7799001,73.3851127
216,3222979250,18.7352931,73.4669034
217,3222981322,18.7460921,73.4375458
218,3222981332,18.747071,73.4376297
219,3222981565,18.748045,73.4214571
220,3222981579,18.7498934,73.4338988
221,3222981580,18.7499133,73.4290974
222,3222981599,18.7503009,73.4291498
223,3222981607,18.7505526,73.409892
224,3222981613,18.7510339,73.4071518
225,3222981614,18.7511389,73.4107914
226,3222981621,18.7521382,73.4119059
227,3222981625,18.7525465,73.407864
228,3222981628,18.7527262,73.4085206
229,3222981629,18.7527638,73.4078693
230,3222981643,18.7540856,73.4070151
231,3222981653,18.7551589,73.4139127
232,3222981654,18.7557184,73.3991003
233,3222981656,18.7568424,73.4146226
234,3222981658,18.7564787,73.3977881
235,3222981671,18.7582418,73.4009426
236,3222981673,18.7586185,73.4008924
237,3222981681,18.7590908,73.4110383
238,3222981684,18.7590889,73.4008245
239,3222981720,18.7603857,73.4006514
240,3222981723,18.7604807,73.4048293
241,3222981727,18.7606445,73.4058456
242,3222981733,18.7607802,73.4113113
243,3222981748,18.7611791,73.4092852
244,3222981756,18.7615845,73.4122934
245,3222981758,18.7617067,73.4114583
246,3222981761,18.7619821,73.4003891
247,3222981767,18.7627238,73.4086206
248,3222981769,18.7629478,73.4125089
249,3222981778,18.7671431,73.39945
250,3222981780,18.7672338,73.4001408
251,3222981782,18.7672523,73.3995862
252,3222981784,18.7675527,73.3995895
253,3222981785,18.7676398,73.3992975
254,3222981790,18.7682215,73.3991824
255,3222981791,18.7683294,73.3995983
256,3222981793,18.7683875,73.4000905
257,3222981800,18.7684646,73.3986783
258,3222981810,18.7686186,73.4003155
259,3222981812,18.7686534,73.3996019
260,3222981814,18.7687735,73.4003075
261,3222981817,18.7689912,73.3985891
262,3222981818,18.7691013,73.3803285
263,3222981827,18.7707828,73.3823534
264,3222981839,18.7716489,73.3825424
265,3222981969,18.772683,73.3828493
266,3222981971,18.7727197,73.3810696
267,3222981974,18.7727953,73.3808627
268,3222982025,18.7744702,73.3849473
269,3222982043,18.7752009,73.3842212
270,3639180744,18.7636855,73.4148999
271,3639181579,18.7636402,73.4140037
272,4380545981,18.7670186,73.3856314
273,4380545984,18.7668279,73.3869332
274,4380546089,18.7722375,73.3844406
275,4380546090,18.7724937,73.3834954
276,4380546093,18.7702938,73.3837509
277,4380546105,18.7660339,73.3871517
278,4380546112,18.7674423,73.3829951
279,4380546113,18.7691102,73.3823507
280,4380546129,18.7665534,73.3896865
281,4380546130,18.7671567,73.3919277
282,4380546135,18.7679067,73.3978212
283,4380546137,18.7673999,73.3984522
284,4380546138,18.7674002,73.3958811
285,4380546140,18.7664184,73.3958607
286,4380546142,18.7657223,73.396908
287,4380546146,18.7662627,73.3983133
288,4380546147,18.7665431,73.3958359
289,4380546149,18.7663798,73.3973309
290,4380546152,18.7647264,73.396721
291,4380546159,18.7648053,73.4002496
292,4380546160,18.7654536,73.3993653
293,4380546161,18.7647327,73.3996472
294,4380546162,18.7645446,73.3989401
295,4380546163,18.7643591,73.3989705
296,4380546164,18.7639564,73.3975345
297,4380546165,18.7641706,73.3975241
298,4380546167,18.7630897,73.3975804
299,4380546172,18.7620098,73.3974434
300,4380546173,18.7634739,73.3975418
301,4380546174,18.7639389,73.3991444
302,4380546175,18.7629661,73.3975641
303,4380546177,18.7636293,73.399246
304,4380546178,18.7637876,73.3986229
305,4380546179,18.7634373,73.3987458
306,4380546180,18.7635988,73.3979723
307,4380546181,18.7631903,73.3981026
308,4380546187,18.7619883,73.3995949
309,4380546188,18.762571,73.3982696
310,4380546189,18.7630467,73.3994698
311,4380546190,18.7620108,73.3973775
312,4380546196,18.7636419,73.395473
313,4380546197,18.7641188,73.3964361
314,4380557523,18.7620166,73.3968761
315,4380557524,18.7612574,73.3968647
316,4380557530,18.7612532,73.3956895
317,4380557531,18.7620959,73.3950884
318,4380557543,18.7588125,73.3940935
319,4380557544,18.7601783,73.3911851
320,4380557557,18.7589229,73.3952303
321,4380557564,18.7589731,73.3955661
322,4380557576,18.7597888,73.397404
323,4380557577,18.7593538,73.3979651
324,4380557891,18.7568605,73.3980004
325,4380557901,18.7580946,73.4006646
326,4380557902,18.7573942,73.3983571
327,4380557911,18.7583205,73.3979518
328,4380557916,18.758993,73.3983884
329,4380557924,18.7577222,73.3992552
330,4380557927,18.757739,73.3994231
331,4380557928,18.7577766,73.3993303
332,4380557929,18.7575378,73.3991626
333,4380557930,18.7587089,73.398377
334,4380557932,18.7579509,73.3974601
335,4380557933,18.7620268,73.3962956
336,4380557934,18.7612554,73.3962958
337,4380557935,18.7613288,73.3950273
338,4380557936,18.7619911,73.3992355
339,4380557938,18.7612033,73.3988501
340,4380557940,18.7609139,73.3981733
341,4380557941,18.7619939,73.3988793
342,4380557942,18.761603,73.3983625
343,4380557943,18.761998,73.3983409
344,4380557944,18.7601835,73.3994104
345,4380557946,18.7590052,73.399767
346,4380557947,18.7609057,73.400566
347,4380557948,18.7611206,73.4021685
348,4380557949,18.760709,73.4005983
349,4380557959,18.7592991,73.4028068
350,4380557960,18.7604453,73.4030346
351,4380557961,18.7597284,73.4036678
352,4380557962,18.7608863,73.4044027
353,4380557963,18.7604726,73.403788
354,4380557967,18.7593161,73.4044554
355,4380557969,18.7599725,73.4062052
356,4380557970,18.7616153,73.4055513
357,4380557976,18.7617615,73.4078376
358,4380557982,18.7614738,73.4064611
359,4380557983,18.7610907,73.4065619
360,4380557984,18.7653741,73.4079663
361,4380557985,18.7650365,73.4091094
362,4380557986,18.7652363,73.4097862
363,4380557989,18.7654269,73.4105159
364,4380557991,18.7652401,73.4105488
365,4380557995,18.7644583,73.4106249
366,4380557996,18.7647516,73.411523
367,4380557997,18.7644508,73.4111762
368,4380563756,18.7644135,73.4124767
369,4380563766,18.7625095,73.4180842
370,4380563773,18.7607475,73.4183225
371,4380563775,18.7600349,73.4184465
372,4380563889,18.7602561,73.414662
373,4380563894,18.7566365,73.4150328
374,4380563900,18.7556307,73.414135
375,4380563902,18.755303,73.4153413
376,4380563903,18.7563189,73.4159143
377,4380563904,18.755897,73.4156727
378,4380563914,18.7536296,73.4170246
379,4380563915,18.7527468,73.4148155
380,4380563919,18.7544431,73.4155741
381,4380563920,18.7538375,73.4152508
382,4380563922,18.7534972,73.4164861
383,4380563923,18.7539065,73.4160801
384,4380563925,18.7534815,73.4158043
385,4380581270,18.7534267,73.413047
386,4380581275,18.7524119,73.4159296
387,4380581281,18.7502759,73.4158226
388,4380581489,18.7506824,73.416725
389,4380581491,18.7503654,73.4168997
390,4380581493,18.7500416,73.4151749
391,4380581495,18.7497315,73.4146364
392,4380581499,18.7496557,73.4138213
393,4380581501,18.7502483,73.4138796
394,4380581505,18.7498084,73.4144014
395,4380581506,18.750517,73.4144763
396,4380581507,18.750517,73.4150439
397,4380581508,18.7505584,73.4153205
398,4380581509,18.749002,73.4157849
399,4380581515,18.7482292,73.4170816
400,4380581516,18.7487943,73.4170816
401,4380581517,18.7488287,73.417853
402,4380581521,18.746076,73.4151617
403,4380581525,18.7465429,73.4134778
404,4380581526,18.7472024,73.4135303
405,4380581531,18.7454678,73.4142615
406,4380581536,18.7447165,73.4156625
407,4380581537,18.7455213,73.4158254
408,4380581539,18.7443011,73.415567
409,4380581540,18.7440578,73.4162548
410,4380581548,18.7410001,73.4124459
411,4380581558,18.7426137,73.4157793
412,4380581562,18.742355,73.416139
413,4380581563,18.7415485,73.4156841
414,4380581565,18.7416238,73.4168726
415,4380581566,18.742116,73.4163415
416,4380581568,18.7415918,73.4161476
417,4380581573,18.7396512,73.4211858
418,4380618581,18.7596495,73.4232974
419,4380618585,18.7586309,73.423165
420,4380618587,18.7579047,73.4232183
421,4380618588,18.7579121,73.4225368
422,4380618589,18.7578748,73.4246814
423,4380618590,18.7578944,73.4237237
424,4380618591,18.7572607,73.4238036
425,4380618592,18.7584293,73.4247108
426,4380618594,18.7574479,73.424286
427,4380618600,18.759335,73.4269512
428,4380618601,18.7579646,73.4269901
429,4380618602,18.7590129,73.4269603
430,4380618604,18.7591328,73.4278528
431,4380618605,18.7589296,73.4278344
432,4380618606,18.7591519,73.4274856
433,4380618607,18.7589641,73.4274727
434,4380618608,18.7583241,73.427655
435,4380618609,18.7578455,73.4275744
436,4380618610,18.7579407,73.4271073
437,4380618611,18.7570286,73.42688
438,4380618620,18.7563471,73.4286832
439,4380618621,18.7576553,73.4285075
440,4380618622,18.7564856,73.4282126
441,4380618623,18.7575431,73.4270082
442,4380618624,18.7572266,73.4283994
443,4380618625,18.757404,73.4276196
444,4380618626,18.7568174,73.4275132
445,4380618627,18.7588986,73.4188284
446,4380618629,18.7573353,73.419053
447,4380618630,18.7567497,73.4190482
448,4380618634,18.7569635,73.4197519
449,4380618635,18.7570193,73.419586
450,4380618639,18.7565733,73.4196048
451,4380618643,18.7554616,73.4203847
452,4380618644,18.7573149,73.4167398
453,4380618650,18.7568069,73.4173398
454,4380618658,18.7547381,73.4169811
455,4380618659,18.754095,73.4166713
456,4380618660,18.7541653,73.4175189
457,4380618661,18.7540319,73.4167173
458,4380618668,18.7566854,73.4118429
459,4380618669,18.7554133,73.4084802
460,4380618671,18.7544959,73.4085011
461,4380618672,18.7544804,73.4106255
462,4380618673,18.7544845,73.4100559
463,4380618674,18.752835,73.4100741
464,4380618675,18.7516016,73.4074283
465,4380618679,18.7527284,73.4057511
466,4380618683,18.7520488,73.4076334
467,4380618684,18.7525458,73.4065475
468,4380618687,18.7507656,73.4069596
469,4380618693,18.7517345,73.4047225
470,4380618694,18.752787,73.4053078
471,4380618695,18.7490886,73.4050894
472,4380618697,18.7493188,73.4053247
473,4380618700,18.7490598,73.4059491
474,4380618702,18.7485925,73.4058954
475,4380618705,18.7484351,73.4067017
476,4380618706,18.747941,73.4066421
477,4380618708,18.7480794,73.4057989
478,4380618712,18.7485123,73.4060922
479,4380618720,18.7498632,73.4063833
480,4380618721,18.7499945,73.4059147
481,4380618722,18.7492885,73.4056789
482,4380618723,18.7503627,73.4043019
483,4380649660,18.7459808,73.4036453
484,4380649667,18.7438257,73.4059987
485,4380649668,18.7441004,73.4049923
486,4380649672,18.7445614,73.4061983
487,4380649673,18.7446569,73.4067506
488,4380649674,18.7440934,73.4060959
489,4380649675,18.7451475,73.4067528
490,4380649678,18.7451791,73.4062289
491,4380649683,18.7424701,73.4060429
492,4380649685,18.7420072,73.405278
493,4380649687,18.7475855,73.4082992
494,4380650390,18.7471975,73.4098866
495,4380650393,18.7455223,73.4110174
496,4380650394,18.753691,73.4057896
497,4380650402,18.7526083,73.3993425
498,4380650404,18.7523532,73.3999496
499,4380650407,18.7531397,73.4005947
500,4380650408,18.7531829,73.3993032
501,4380650409,18.7531815,73.4008509
502,4380650410,18.7531601,73.3999839
503,4380650414,18.7515667,73.399552
504,4380650415,18.7508853,73.3995272
505,4380650419,18.7503785,73.396857
506,4380650423,18.751558,73.3972593
507,4380650424,18.7510897,73.3986507
508,4380650435,18.747035,73.3934399
509,4380650440,18.7467589,73.391328
510,4380652359,18.7493468,73.3911042
511,4380652362,18.7492046,73.3919613
512,4380652370,18.7469018,73.3930879
513,4380652371,18.7486368,73.3919121
514,4380652373,18.7481836,73.3919691
515,4380652374,18.7481838,73.3931012
516,4380685106,18.7517612,73.3893033
517,4380685108,18.7512598,73.3894982
518,4380685109,18.7561111,73.3878098
519,4380685114,18.7547191,73.3884211
520,4380685122,18.7565797,73.3877952
521,4380685124,18.756514,73.3887524
522,4380685128,18.753944,73.3914079
523,4380685132,18.7526968,73.388654
524,4380685133,18.7522904,73.3888793
525,4380685134,18.7528753,73.3892153
526,4380685135,18.7521584,73.3884984
527,4380685136,18.7524953,73.389383
528,4380685137,18.7526714,73.3897912
529,4380685138,18.7545934,73.3868826
530,4380685140,18.7536656,73.3878682
531,4380685141,18.7545859,73.3878479
532,4380685144,18.7568372,73.3876411
533,4380685150,18.7568943,73.3833128
534,4380685164,18.7531459,73.3851596
535,4380685168,18.7512047,73.3845145
536,4380685169,18.753832,73.3854777
537,4380685174,18.7556127,73.3849045
538,4380685187,18.7504517,73.382712
539,4380685188,18.7493974,73.385513
540,4380685208,18.7503513,73.3824646
541,4380685218,18.7493137,73.3817135
542,4380685221,18.7489456,73.382871
543,4381820885,18.7689767,73.3989466
544,4381820886,18.7686534,73.3989405
545,4381820887,18.7673524,73.3936437
546,4381826081,18.7678142,73.405588
547,4381826084,18.7672532,73.4080519
548,4381826085,18.7681597,73.4037251
549,4381826294,18.7650684,73.4058953
550,4381826301,18.7655412,73.4028416
551,4381826303,18.7658503,73.4037443
552,4381826305,18.7637773,73.4029569
553,4381826313,18.7635029,73.408262
554,4381826314,18.7638039,73.4081821
555,4381826317,18.7643947,73.4089136
556,4381830962,18.7577405,73.4026769
557,4381830963,18.7567137,73.4006481
558,4381830965,18.7556428,73.4023737
559,4381830970,18.7541729,73.4029637
560,4381830974,18.7550528,73.4039413
561,4381830975,18.7568228,73.4030965
562,4381830977,18.755893,73.4029848
563,4381830978,18.7558991,73.4011234
564,4381830981,18.7560096,73.4021712
565,4381833724,18.7641911,73.400316
566,4381833729,18.7619752,73.4012833
567,4381833730,18.7632068,73.4013792
568,4381833733,18.7650963,73.4017577
569,4381833734,18.7650802,73.4019402
570,4381833736,18.7644708,73.4021758
571,4381833737,18.7650415,73.4023818
572,4381833738,18.7640976,73.4020833
573,4381835591,18.7650091,73.3945873
574,4381835592,18.7673939,73.3941762
575,4381835594,18.765464,73.3939366
576,4381835597,18.7657639,73.3938945
577,4381835600,18.765772,73.3916047
578,4381849830,18.7621349,73.3945407
579,4381849831,18.7621754,73.3940426
580,4381849834,18.7604287,73.3937384
581,4381849835,18.7592916,73.3884334
582,4381849842,18.7593247,73.3872441
583,4381849843,18.7576707,73.3868798
584,4381849844,18.7586402,73.3890163
585,4381849849,18.7584636,73.3904621
586,4381849851,18.7571056,73.3907419
587,4381849853,18.7564342,73.3908355
588,4381849855,18.7549042,73.3901252
589,4381849856,18.7585097,73.3897058
590,4381849858,18.7571277,73.3898208
591,4381849861,18.758585,73.391115
592,4381849862,18.7579242,73.3905894
593,4381849863,18.7579794,73.3909835
594,4381849864,18.7569947,73.3907722
595,4381849865,18.7571014,73.3913728
596,4381849867,18.758281,73.3916701
597,4381849894,18.7579124,73.3930857
598,4381849895,18.7566542,73.3918443
599,4381849911,18.7521591,73.3902791
600,4381849913,18.7565316,73.3956552
601,4381849918,18.7559625,73.3956965
602,4381849920,18.7554267,73.3957141
603,4381849921,18.7554727,73.396809
604,4381849923,18.757088,73.3956835
605,4381849925,18.7557743,73.395096
606,4381849926,18.7547375,73.3970422
607,4381849929,18.7535155,73.3974248
608,4381849930,18.7548739,73.3979781
609,4381849943,18.7548066,73.398781
610,4381849944,18.7544187,73.3971497
611,4381849945,18.7545123,73.397982
612,4381849946,18.748367,73.4072384
613,4381849947,18.7463302,73.4089626
614,4381849948,18.7451303,73.4089484
615,4381849949,18.7459614,73.4089582
616,4381849950,18.7459608,73.4091746
617,4381849951,18.7464441,73.4069524
618,4381849952,18.7463436,73.4076177
619,4381849954,18.7445668,73.4074867
620,4381849955,18.7447489,73.4090331
621,4381849956,18.7471639,73.407144
622,4381849957,18.7470569,73.4079868
623,4381849958,18.7462838,73.4123036
624,4381849962,18.7441505,73.4127372
625,4381849963,18.745354,73.4121426
626,4381849965,18.7444482,73.4121074
627,4381849966,18.7444373,73.4127102
628,4381849967,18.7455748,73.4130054
629,4381849969,18.7456699,73.4142185
630,4381849974,18.7457535,73.4182357
631,4381849975,18.7457535,73.4175319
632,4381849976,18.7457085,73.4186311
633,4381849977,18.7462178,73.4191215
634,4381849978,18.7448567,73.4178272
635,4381849986,18.7449746,73.4209642
636,4381849987,18.7469892,73.4163851
637,4381849991,18.7460203,73.416188
638,4381849992,18.7468396,73.4168485
639,4381849995,18.7460414,73.4167351
640,4381849996,18.7461066,73.4176375
641,4381850000,18.7463743,73.4186581
642,4381850002,18.7461518,73.4190702
643,4381850014,18.7440609,73.4229809
644,4381858437,18.7443081,73.418615
645,4381858439,18.7437239,73.4193904
646,4381858443,18.7427452,73.419916
647,4381858444,18.7434169,73.4200942
648,4381858445,18.7418608,73.4195464
649,4381858447,18.7438437,73.4205371
650,4381858449,18.7444953,73.4217076
651,4381858450,18.7445253,73.4202682
652,4381858452,18.7446451,73.420893
653,4381858454,18.7445702,73.4214387
654,4381858460,18.7437763,73.42427
655,4381858464,18.7432821,73.4269589
656,4381858466,18.7438208,73.4287684
657,4381858471,18.7401245,73.4282268
658,4381858472,18.7422036,73.4278447
659,4381858473,18.7403105,73.4274751
660,4381858474,18.7410727,73.4279633
661,4381858475,18.7402283,73.4278073
662,4381858476,18.7410428,73.4265081
663,4381858477,18.740865,73.4275834
664,4381858478,18.7415071,73.4269035
665,4381858479,18.7405088,73.4266736
666,4381869432,18.7425569,73.4271084
667,4381869433,18.742975,73.4278368
668,4381869434,18.7429983,73.426969
669,4381869435,18.7429299,73.4257022
670,4381869436,18.7434693,73.4257113
671,4381869437,18.7414186,73.4257438
672,4381869438,18.7407215,73.4257131
673,4381869439,18.7435817,73.4252391
674,4381869441,18.7423085,73.4249897
675,4381869442,18.7414036,73.4250752
676,4381869443,18.7416331,73.4250541
677,4381869444,18.7416281,73.4257336
678,4381869445,18.7418284,73.4250321
679,4381869446,18.7418352,73.4257253
680,4381869448,18.7423984,73.425713
681,4381869449,18.7424133,73.4263499
682,4381869450,18.7421249,73.4246873
683,4381869452,18.7410198,73.4246785
684,4381869453,18.7439265,73.4234054
685,4381869459,18.7429301,73.4238508
686,4381869464,18.741217,73.4240117
687,4381869465,18.7430199,73.4247287
688,4381869467,18.7432248,73.42519
689,4381869470,18.7411542,73.4242404
690,4381869471,18.7424379,73.4231292
691,4381869473,18.7418787,73.4233837
692,4381869474,18.7418907,73.4238828
693,4381869475,18.744583,73.4204815
694,4381869477,18.7439308,73.4208924
695,4381869478,18.744045,73.4213585
696,4381869479,18.741448,73.4186261
697,4381869480,18.7420364,73.4189956
698,4381869483,18.7393909,73.4195437
699,4381869484,18.7388874,73.4196534
700,4381869487,18.7378261,73.4195651
701,4381869792,18.7359066,73.4193371
702,4381875804,18.7404486,73.4185143
703,4381875805,18.7405897,73.4192146
704,4381875806,18.7404955,73.4188318
705,4381875811,18.7396064,73.4194897
706,4381875812,18.7403442,73.4201495
707,4381875813,18.7392113,73.4195931
708,4381875816,18.7390971,73.4206024
709,4381875818,18.7400821,73.4205653
710,4381875820,18.7393518,73.4203601
711,4381875821,18.7391995,73.4219845
712,4381875826,18.7385953,73.4207052
713,4381875827,18.7386622,73.4215843
714,4381875829,18.7383856,73.4204838
715,4381875831,18.7381652,73.423229
716,4381875832,18.7365882,73.4225559
717,4381875837,18.7384189,73.4228825
718,4381875838,18.7411051,73.4244066
719,4381875842,18.7390654,73.4244327
720,4381875843,18.7405575,73.4245726
721,4381875845,18.7408009,73.4253568
722,4381875846,18.7403295,73.4242933
723,4381875848,18.7401082,73.4250866
724,4381875849,18.7400467,73.4243043
725,4381875850,18.7400033,73.4248573
726,4381875851,18.7383557,73.4244223
727,4381875852,18.7394697,73.4252458
728,4381875853,18.7395688,73.4243503
729,4381875855,18.7384156,73.423845
730,4381875856,18.7395345,73.4242008
731,4381875857,18.7390754,73.4241522
732,4381875858,18.7404083,73.4270797
733,4381875863,18.7396513,73.4261464
734,4381891088,18.7424224,73.4106455
735,4381892802,18.7404424,73.4108915
736,4381892803,18.7463814,73.4021446
737,4381892808,18.7473112,73.3988642
738,4381892809,18.746973,73.3986411
739,4381892816,18.746261,73.3907651
740,4381897173,18.7562428,73.4101753
741,4381897174,18.7572309,73.4084626
742,4381897176,18.7557046,73.4090755
743,4381897177,18.7570362,73.4069126
744,4381897178,18.7564294,73.407886
745,4381900970,18.7511163,73.3899704
746,4381900972,18.7501418,73.3909083
747,4381900975,18.7511154,73.3904635
748,4381900976,18.7504584,73.3905838
749,4381900983,18.7508683,73.3924565
750,4381905218,18.7555652,73.3840271
751,4381911779,18.7373706,73.4262288
752,4381911781,18.7371017,73.4269339
753,4381911782,18.7368267,73.4269363
754,4381911784,18.7350019,73.4266457
755,4381912789,18.7328183,73.4257599
756,4381912799,18.7262768,73.4261157
757,4381980677,18.7395226,73.4305231
758,4381980685,18.7354782,73.4322489
759,4381980688,18.7352816,73.4319832
760,4381980889,18.7386534,73.4324019
761,4381980899,18.736788,73.4318862
762,4381980903,18.7359949,73.4310219
763,4381980904,18.737874,73.4315778
764,4381980905,18.7390252,73.4315174
765,4381980906,18.7381436,73.4310558
766,4381980907,18.7381728,73.4315621
767,4397050683,18.7064655,73.4792775
768,4415554896,18.7567547,73.4195949
769,4415728889,18.7409969,73.426786
770,5338854036,18.7423763,73.4242335
771,5358116793,18.7723946,73.4048588
772,5358116795,18.7738135,73.4041973
773,5358116800,18.77674,73.4034538
774,5358116812,18.77511,73.3985114
775,5358116813,18.7727153,73.3979134
776,5358116818,18.7721452,73.402447
777,5358116819,18.7721323,73.4035622
778,5358117722,18.7717452,73.4052134
779,5435634002,18.7424438,73.4237168
780,5474628559,18.7738832,73.4526908
781,5474628568,18.7696729,73.4544185
782,5474628579,18.764634,73.4541339
783,5474628584,18.7635267,73.4532273
784,5474628585,18.7632259,73.4530126
785,5698851877,18.7432152,73.4739902
786,5906307044,18.7346868,73.4319812
787,5906307045,18.7350157,73.4331509
788,5906307050,18.73472,73.4325872
789,5956628393,18.7636219,73.4049623
790,5956628395,18.764465,73.4046664
791,5956669586,18.7708496,73.3981377
792,5956685452,18.7718944,73.3979717
793,5956703130,18.7661101,73.4053941
794,5956703131,18.7659492,73.4047739
795,5957005595,18.754855,73.3841918
796,5957044395,18.7570185,73.3904157
797,6161115438,18.7129855,73.4249103
798,6161115444,18.710128,73.4256645
799,6161115463,18.7069233,73.4317055
800,6161116102,18.7077491,73.4207618
801,6161116148,18.7069024,73.4255898
802,6161116164,18.7042748,73.426729
803,6636728520,18.7491985,73.4489368
804,6636728527,18.7512341,73.4452675
805,6636728529,18.7546174,73.4457761
806,6636728532,18.7548612,73.4421873
807,7007332117,18.7515493,73.4648144
808,7007332119,18.7507772,73.4664559
809,7007332122,18.7530861,73.466781
810,7007332126,18.7567634,73.4698631
811,7049232526,18.7552799,73.4273397
812,7049232529,18.7539513,73.4251154
813,7049232533,18.7500999,73.4249101
814,7564619979,18.7660212,73.3860163
815,7564619981,18.7659748,73.3865087
816,7609884888,18.741542,73.4729032
817,7609884900,18.739719,73.4675336
818,7609884929,18.7338991,73.4404778
819,7609884931,18.7337209,73.4399
820,7609884937,18.7405307,73.4331844
821,7609884939,18.7409548,73.4331666
822,7609884942,18.7406993,73.4333742
823,7609884947,18.7420783,73.43287
824,7609884954,18.7444629,73.433303
825,7609884955,18.7448842,73.4333713
826,7609884957,18.7454291,73.4334691
827,7609884959,18.7456819,73.4336441
828,7609884973,18.7479956,73.4346403
829,7889800591,18.7689388,73.4088788
830,7889800592,18.7690206,73.4087
831,7889800593,18.7699556,73.4087262
832,9113068520,18.7596788,73.3832078
833,9503724411,18.7354207,73.3804568
834,9503724440,18.7392276,73.3857671
835,9559737226,18.750371,73.4171196
836,9653945812,18.7289292,73.3942508
837,9653945813,18.7278477,73.3944654
838,9841482769,18.7531263,73.4085277
839,10567617145,18.7313994,73.4323703
840,10567617146,18.7305739,73.4324925
841,10567617163,18.7264272,73.4336384
842,10567617178,18.7276604,73.4344116
843,10567634932,18.7279652,73.4321612
844,10567634979,18.7296392,73.4320405
845,10567634986,18.7296849,73.4316409
846,10567634997,18.727287,73.4282559
847,10567635000,18.726845,73.4279957
848,10567635007,18.7277721,73.4290338
849,10567635051,18.7269059,73.4284866
850,10567635062,18.7249957,73.4282425
851,10567635075,18.7269923,73.4300503
852,10567635108,18.7315353,73.4301649
853,10567635109,18.7305714,73.4305385
854,10567635115,18.7309118,73.4318125
855,10567635128,18.7317627,73.4305733
856,10567635130,18.7315519,73.4301952
857,10567635142,18.7274597,73.427242
858,10567635153,18.7286612,73.4285107
859,10567635163,18.7318542,73.4297901
860,10567635164,18.7319405,73.429817
861,10567635168,18.7323362,73.4298203
862,10567635197,18.7344515,73.4273399
863,10569263590,18.7656347,73.4044921
864,10696346161,18.7286345,73.3948624
865,10696346171,18.7282103,73.3952017
866,10696346172,18.727701,73.394094
867,10696346173,18.7287552,73.3955102
868,10696346178,18.7283533,73.3956228
869,10696346179,18.7290244,73.3946948
870,10696346180,18.7288847,73.3939518
871,10727154578,18.7610353,73.3949454
872,10727194458,18.7497649,73.4615445
873,10727194468,18.7509633,73.4613645
874,10727194469,18.7501854,73.4614396
875,10727194499,18.7500051,73.4630741
876,10727205519,18.7615273,73.4537613
877,10727205523,18.7598511,73.4537799
878,10727215714,18.7477452,73.4574873
879,10727215721,18.7483286,73.4574861
880,10727215723,18.7483726,73.4569101
881,10727215732,18.7490835,73.4575474
882,10732637866,18.739914,73.4226228
883,10732645267,18.7621334,73.479055
884,10933536321,18.7601126,73.3842911
885,11015725994,18.7647712,73.4012509
886,11015726001,18.7657211,73.4000553
887,11015728785,18.7660662,73.4042877
888,11015739890,18.7639531,73.4110705
889,11015739891,18.76308,73.4105354
890,11015739892,18.7635975,73.4085132
891,11015739893,18.763841,73.4084858
892,11015746699,18.7662135,73.4059024
893,11015746700,18.7647914,73.40469
894,11015746704,18.7641312,73.4038573
895,11015773506,18.7645274,73.4049943
896,11015773507,18.76469,73.4038412
897,11015773509,18.7643191,73.4029734
898,11015776712,18.763095,73.4252895
899,11015776717,18.7636356,73.4137158
900,11015776718,18.7618143,73.4090434
901,11015780085,18.7657466,73.4159561
902,11015780094,18.7660421,73.4152916
903,11015780098,18.76632,73.4142468
904,11015780099,18.7664976,73.4142379
905,11015780101,18.7666297,73.4136003
906,11015780102,18.7660356,73.4133227
907,11015782732,18.7601329,73.4106785
908,11015782733,18.7600719,73.4112074
909,11015782734,18.757153,73.4120354
910,11015782750,18.7568984,73.4115151
911,11015786155,18.7453966,73.403231
912,11015786157,18.7454931,73.4036301
913,11015786158,18.7450917,73.4033061
914,11015786159,18.7446866,73.4067496
915,11015786160,18.7447628,73.4071683
916,11015786161,18.759636,73.4026407
917,11015786163,18.7599967,73.4034308
918,11015786164,18.7596898,73.4035904
919,11015786165,18.7590214,73.4036548
920,11015801051,18.758483,73.400912
921,11015801055,18.7583509,73.4022439
922,11015801059,18.7589757,73.3998942
923,11015801060,18.7459307,73.4062241
924,11015801064,18.7468612,73.406487
925,11015814091,18.7430914,73.4161064
926,11015814093,18.7435029,73.414904
927,11015814094,18.7452298,73.4191309
928,11015814096,18.7452806,73.4182273
929,11015814097,18.7469363,73.4158106
930,11015814098,18.7504581,73.4116531
931,11015814101,18.7513185,73.4111005
932,11015814206,18.750255,73.4105104
933,11015814209,18.7500976,73.4102422
934,11015814212,18.7509609,73.4109771
935,11015814213,18.7514536,73.4134341
936,11015814218,18.7522205,73.4119813
937,11015824646,18.7673888,73.4133428
938,11015824649,18.7674854,73.4114496
939,11015824650,18.7673358,73.4121466
940,11015824655,18.7666906,73.4118837
941,11015842806,18.7665636,73.4154564
942,11015842809,18.7657313,73.4166319
943,11015842811,18.7671004,73.4159676
944,11015842812,18.7671695,73.416224
945,11015842813,18.7675339,73.4151405
946,11015842817,18.767401,73.4154536
947,11015842819,18.7671732,73.4159483
948,11015842820,18.7674323,73.4148449
949,11015842821,18.7676101,73.415274
950,11015857096,18.7672088,73.4143728
951,11015858948,18.7519549,73.424969
952,11015858954,18.7506898,73.4249288
953,11015858955,18.7502459,73.424281
954,11015858957,18.750827,73.4243239
955,11015858960,18.7514367,73.4249525
956,11015866607,18.7668484,73.4091049
957,11015866608,18.7663456,73.4079287
958,11015866609,18.7663253,73.4071201
959,11015866610,18.7611901,73.4005193
960,11015866621,18.7612206,73.399776
961,11015866622,18.760532,73.3989715
962,11015866628,18.7560346,73.4002322
963,11015866629,18.7560798,73.3991917
964,11015866632,18.7565168,73.3996689
965,11015866633,18.7569082,73.3994463
966,11015866634,18.7566896,73.4000069
967,11015866635,18.7459416,73.4024048
968,11015872162,18.7538888,73.4269203
969,11015872171,18.7505162,73.426223
970,11015872172,18.7548053,73.4251822
971,11015872174,18.755288,73.4252359
972,11015872175,18.754785,73.425488
973,11015872182,18.7536316,73.4226069
974,11015872185,18.7538501,73.4236104
975,11015872192,18.7534995,73.4219528
976,11015872194,18.753342,73.4225586
977,11015872195,18.7530219,73.4217543
978,11015872197,18.7529355,73.4224907
979,11015872198,18.7525749,73.4214163
980,11015872199,18.7524885,73.4224161
981,11015872203,18.7527832,73.4232402
982,11015872204,18.7523158,73.4201985
983,11015876391,18.7443501,73.40432
984,11015876401,18.7436137,73.4046043
985,11015877305,18.7413086,73.4145223
986,11015877306,18.742849,73.4199529
987,11015877308,18.7433228,73.4204377
988,11015877309,18.7414285,73.4260284
989,11015877310,18.7418184,73.4268535
990,11015877515,18.7611498,73.4074371
991,11015877521,18.7604465,73.4066448
992,11015877528,18.7613995,73.4152921
993,11015881208,18.7522498,73.4223763
994,11015881209,18.751923,73.4231996
995,11015881211,18.7520819,73.4223483
996,11015881212,18.7520464,73.4234602
997,11015881216,18.7526408,73.424678
998,11015886850,18.7607001,73.420687
999,11015886854,18.7596047,73.4207406
1000,11015894081,18.7579896,73.4178066
1001,11015894083,18.7590041,73.4179622
1002,11015914495,18.7598942,73.4150067
1003,11015941203,18.7672249,73.4024545
1004,11015941204,18.7684435,73.4029092
1005,11015944105,18.7663862,73.4014124
1006,11016016743,18.7698456,73.4073772
1007,11016016748,18.7696014,73.4061116
1008,11016016749,18.7694694,73.4092069
1009,11016016750,18.7672174,73.4141261
1010,11016016755,18.7684737,73.4119856
1011,11016106033,18.756705,73.4205955
1012,11016106043,18.7573907,73.4225822
1013,11016106045,18.7572434,73.4266467
1014,11016106047,18.755562,73.4167178
1015,11016106048,18.7561814,73.4165895
1016,11016106049,18.7563684,73.416238
1017,11016165134,18.7562977,73.4144144
1018,11016165135,18.7578491,73.4134364
1019,11016165139,18.7589394,73.4130866
1020,11016165140,18.7588073,73.4112363
1021,11016165144,18.7589851,73.4136337
1022,11016165145,18.7576748,73.4082734
1023,11016165150,18.7582436,73.4084451
1024,11016179774,18.7590308,73.4064548
1025,11016179775,18.7531665,73.4138526
1026,11016179776,18.7539544,73.4142752
1027,11016179777,18.7536832,73.4132093
1028,11016179780,18.7538457,73.4127528
1029,11016179781,18.7575454,73.4085249
1030,11016179782,18.7644712,73.4132583
1031,11016179784,18.7642353,73.4137438
1032,11016179785,18.7541119,73.4034669
1033,11016179787,18.754586,73.4034401
1034,11016182487,18.7517771,73.4240986
1035,11016182496,18.7511267,73.4221889
1036,11016182497,18.7509694,73.4214806
1037,11016182499,18.75132,73.4222211
1038,11016182500,18.7508778,73.424002
1039,11016182501,18.7481663,73.4222102
1040,11016182504,18.7490904,73.4225374
1041,11016212233,18.7431676,73.4178918
1042,11016212234,18.7433567,73.4176075
1043,11016212237,18.7442192,73.4127307
1044,11016212238,18.7442853,73.4130209
1045,11016219406,18.7498012,73.422811
1046,11016219407,18.7491736,73.4239544
1047,11016219411,18.7492173,73.4220976
1048,11016219412,18.7480178,73.4216094
1049,11016219413,18.7489889,73.4228647
1050,11016219414,18.7487248,73.4246403
1051,11016219416,18.7493544,73.4246242
1052,11016219419,18.7479531,73.423444
1053,11016219423,18.7480952,73.4246618
1054,11016219425,18.7485166,73.4246886
1055,11016219427,18.7508272,73.4203916
1056,11016219432,18.7516553,73.4203541
1057,11016219434,18.751762,73.4194314
1058,11016219438,18.7506087,73.4187501
1059,11016219443,18.7493226,73.4185891
1060,11016219447,18.7512438,73.4193616
1061,11016219455,18.7506189,73.4221037
1062,11016219459,18.7507052,73.4200751
1063,11016219463,18.750121,73.4193294
1064,11016219464,18.7495519,73.4192919
1065,11016219465,18.7492311,73.4192329
1066,11016219468,18.7479058,73.4190666
1067,11016219469,18.7488254,73.4177791
1068,11016219471,18.749414,73.4179454
1069,11016219472,18.7499533,73.418058
1070,11016219476,18.7510812,73.4183102
1071,11016219477,18.7499025,73.4184335
1072,11016219478,18.7495469,73.4197532
1073,11016219479,18.74808,73.4251017
1074,11016219480,18.7480698,73.4255254
1075,11016219481,18.7480394,73.4261316
1076,11016219488,18.7494864,73.4273279
1077,11016219490,18.7484963,73.4251017
1078,11016219492,18.7474193,73.4254879
1079,11016219493,18.7474588,73.4261477
1080,11016219496,18.7479346,73.4220761
1081,11016219497,18.7467091,73.4215021
1082,11016219498,18.7479882,73.4217757
1083,11016219499,18.7475204,73.4185516
1084,11016219502,18.747815,73.4188413
1085,11016219507,18.7480588,73.4205472
1086,11016219509,18.7473681,73.4204238
1087,11016219514,18.7477744,73.4176771
1088,11016219516,18.7473122,73.4178864
1089,11016219518,18.7474138,73.4190612
1090,11016219519,18.746094,73.4180151
1091,11016219520,18.7457535,73.4180151
1092,11016219521,18.7452289,73.4218358
1093,11016219522,18.7494966,73.4265393
1094,11016219524,18.7495169,73.4275854
1095,11016219525,18.7480836,73.4290283
1096,11016219527,18.7482132,73.4282345
1097,11016234825,18.7635572,73.4238196
1098,11016237556,18.7463726,73.4058593
1099,11016237558,18.7468817,73.4060042
1100,11016237559,18.7434216,73.4120607
1101,11016237560,18.7447018,73.4126852
1102,11016237561,18.7445698,73.4130961
1103,11017347135,18.7606866,73.4791328
1104,11017347140,18.7615354,73.4774582
1105,11017370949,18.7423413,73.4315414
1106,11017370950,18.741608,73.4329328
1107,11017370951,18.7365173,73.4326118
1108,11017370956,18.7371426,73.4351117
1109,11017370958,18.7381754,73.4349615
1110,11017370959,18.7368683,73.4352727
1111,11017370964,18.736594,73.4351922
1112,11017371306,18.7574361,73.4718472
1113,11017371309,18.7577154,73.47255
1114,11017371310,18.7571517,73.4723032
1115,11017371311,18.7573904,73.4724749
1116,11017371315,18.7556991,73.4736926
1117,11017375670,18.7391342,73.4207457
1118,11017375672,18.7389563,73.4209883
1119,11017397137,18.7557095,73.445583
1120,11017397139,18.7551914,73.4457064
1121,11017397140,18.7550847,73.4457279
1122,11017397143,18.755236,73.4449876
1123,11017397144,18.7550126,73.4453309
1124,11017397146,18.7540079,73.4411036
1125,11017397147,18.7631101,73.4445897
1126,11017397153,18.7623171,73.44289
1127,11017397157,18.7631003,73.4425897
1128,11017397162,18.7646139,73.4414417
1129,11017397164,18.7624604,73.4450198
1130,11017397168,18.763374,73.4422624
1131,11017397170,18.7630539,73.4421444
1132,11017397172,18.7634807,73.4418762
1133,11017397174,18.7636991,73.4408999
1134,11017397177,18.7598534,73.4533613
1135,11017397180,18.7598483,73.4541821
1136,11017397183,18.7578773,73.4536349
1137,11017397185,18.757283,73.4536617
1138,11017397188,18.7577859,73.4532218
1139,11017397190,18.757344,73.4542505
1140,11017397191,18.7580094,73.4554695
1141,11017397194,18.757725,73.4541909
1142,11017397197,18.7455271,73.432601
1143,11017397202,18.7445666,73.4324653
1144,11017397203,18.7455143,73.4334836
1145,11017403054,18.7468464,73.4729952
1146,11017403067,18.743784,73.4738965
1147,11017403078,18.7489591,73.4709942
1148,11017403082,18.7489895,73.4731722
1149,11017403083,18.7491165,73.47314
1150,11017403084,18.7490759,73.4737945
1151,11017403085,18.7495685,73.4731669
1152,11017403091,18.749792,73.4726411
1153,11017411106,18.7450869,73.4325673
1154,11017420327,18.7442348,73.479116
1155,11017420328,18.7447311,73.4790569
1156,11017420329,18.7440902,73.478424
1157,11017420330,18.7446852,73.478381
1158,11017420332,18.7447565,73.478837
1159,11017420337,18.7452847,73.4765625
1160,11017424249,18.7417828,73.4798134
1161,11017440443,18.7429745,73.4698356
1162,11017440444,18.7424845,73.4699268
1163,11017440445,18.7437874,73.4700609
1164,11017440459,18.7438382,73.4704418
1165,11017440460,18.7441532,73.4700126
1166,11017445799,18.7602394,73.4703719
1167,11017445801,18.7620122,73.4701627
1168,11017445802,18.762383,73.4699159
1169,11017445803,18.7625913,73.4697657
1170,11017445804,18.7630895,73.4685052
1171,11017454727,18.7437054,73.4732473
1172,11017454730,18.7539405,73.47014
1173,11017454734,18.7537018,73.4708066
1174,11017454735,18.7536205,73.46909
1175,11017454739,18.7545399,73.4701078
1176,11017454742,18.7530821,73.46909
1177,11017454746,18.7543317,73.4679742
1178,11017454747,18.7543723,73.4675879
1179,11017454750,18.7559775,73.4678293
1180,11017454751,18.7567241,73.4678669
1181,11017454758,18.756751,73.4692347
1182,11017454759,18.7560638,73.470624
1183,11017454760,18.756008,73.4699861
1184,11017454761,18.7561248,73.471477
1185,11017454762,18.7561451,73.4717613
1186,11017454765,18.7554797,73.4669498
1187,11017454768,18.7558099,73.4639239
1188,11017454771,18.7558861,73.4632587
1189,11017454773,18.7558962,73.4630334
1190,11017454775,18.7561604,73.4638864
1191,11017454788,18.7606315,73.4647662
1192,11017454790,18.7562213,73.4632534
1193,11017454794,18.7571103,73.4636021
1194,11017454795,18.7586063,73.4653297
1195,11017454798,18.7579165,73.4650917
1196,11017454799,18.7579267,73.4653383
1197,11017455929,18.7603253,73.4718848
1198,11017455930,18.7617125,73.4718526
1199,11017455940,18.7590664,73.4739555
1200,11017458605,18.7565363,73.4663218
1201,11017458615,18.7604074,73.4664827
1202,11017458622,18.7561604,73.4648895
1203,11017458623,18.7565363,73.4655118
1204,11017468785,18.742433,73.4558506
1205,11017468800,18.7415383,73.4615587
1206,11017470936,18.7646333,73.4616763
1207,11017470941,18.7633329,73.4621699
1208,11017470945,18.7604753,73.4636237
1209,11017470946,18.7634447,73.4624596
1210,11017470956,18.7654359,73.4577442
1211,11017470963,18.7646486,73.461907
1212,11017470966,18.7664468,73.4611131
1213,11017470974,18.768179,73.4603299
1214,11017470982,18.7705833,73.4584615
1215,11017470984,18.7707341,73.4582806
1216,11017470985,18.7666196,73.4619124
1217,11017470994,18.7680775,73.4565049
1218,11017470999,18.767412,73.4555769
1219,11017471000,18.7669301,73.4557769
1220,11017473691,18.7622763,73.4640635
1221,11017482475,18.7503136,73.4663755
1222,11017482478,18.7513956,73.4682853
1223,11017482479,18.7514921,73.4678937
1224,11017482481,18.7520052,73.4667618
1225,11017482482,18.7518426,73.4681029
1226,11017482483,18.7524166,73.466984
1227,11017482486,18.7527984,73.4671313
1228,11017482487,18.7517664,73.4684945
1229,11017482488,18.7512787,73.4686769
1230,11017482492,18.7515429,73.4695674
1231,11017482495,18.7515886,73.4688432
1232,11017482496,18.7528111,73.4667017
1233,11017486705,18.7624399,73.4683986
1234,11017486707,18.7619972,73.4683764
1235,11017486710,18.7618397,73.4693367
1236,11017495525,18.7463597,73.4339817
1237,11017495535,18.7676,73.4551155
1238,11017495536,18.7631953,73.4533849
1239,11017495540,18.7628605,73.4539569
1240,11017500637,18.7410806,73.4429339
1241,11017500654,18.7404801,73.4353209
1242,11017500657,18.7408053,73.4338993
1243,11017500663,18.7410202,73.4347156
1244,11017500666,18.7410288,73.4351492
1245,11017500667,18.7408976,73.4473157
1246,11017500685,18.7342058,73.4454596
1247,11017500686,18.7337251,73.4453255
1248,11017500699,18.739636,73.4460658
1249,11017501018,18.738224,73.452386
1250,11017501019,18.7485971,73.4340303
1251,11017501022,18.7486276,73.4328425
1252,11017501023,18.750264,73.4327406
1253,11017501024,18.7482033,73.4318297
1254,11017501025,18.7480383,73.4292483
1255,11017501027,18.7503341,73.4295273
1256,11017501042,18.7425368,73.4486245
1257,11017501058,18.7463269,73.4462481
1258,11017501077,18.7434407,73.4462053
1259,11017501091,18.7452339,73.4461194
1260,11017501097,18.7467934,73.4460658
1261,11017501105,18.7432833,73.44576
1262,11021420939,18.7434266,73.4327081
1263,11021420942,18.7428919,73.4330692
1264,11021420944,18.7423294,73.4335345
1265,11021420947,18.743254,73.4331474
1266,11021420954,18.7424056,73.4329304
1267,11021420958,18.743105,73.4317642
1268,11021420960,18.7429606,73.4321902
1269,11021420962,18.7429136,73.4326494
1270,11021420963,18.7430336,73.4321999
1271,11021448592,18.7420713,73.4320536
1272,11021448594,18.7431291,73.4301784
1273,11021448595,18.7435891,73.4318716
1274,11021448598,18.7436449,73.4322899
1275,11021652763,18.7554119,73.4437149
1276,11021652765,18.7546878,73.4436731
1277,11021652769,18.7547492,73.4430509
1278,11021652772,18.7536921,73.4431529
1279,11021652773,18.7519264,73.4431071
1280,11021652777,18.7531944,73.4429759
1281,11021652782,18.7530065,73.4443278
1282,11021652784,18.7517515,73.444106
1283,11021652792,18.7515187,73.4430366
1284,11021660728,18.7513624,73.4440141
1285,11021660729,18.7512695,73.4440059
1286,11021660731,18.7573807,73.4423646
1287,11021660735,18.7570099,73.4436303
1288,11021661399,18.761479,73.4359378
1289,11021661400,18.7606816,73.4359271
1290,11021661404,18.7618954,73.4355891
1291,11021683783,18.7573894,73.4505527
1292,11021683786,18.7587206,73.4507382
1293,11021683788,18.7597416,73.4509689
1294,11021683790,18.7600983,73.4511879
1295,11021683795,18.7617964,73.4516341
1296,11021683796,18.7618295,73.438443
1297,11021683802,18.7614587,73.4389687
1298,11021714738,18.7602468,73.4398644
1299,11021714739,18.7609813,73.4398644
1300,11021714742,18.762185,73.4398858
1301,11021714744,18.7629824,73.4396176
1302,11021714745,18.7612555,73.4404117
1303,11021714749,18.7601667,73.4392743
1304,11021714752,18.7609559,73.438593
1305,11021714753,18.7600787,73.4386466
1306,11021714755,18.7610679,73.4460765
1307,11021714761,18.7626737,73.4454704
1308,11021714762,18.7613352,73.4480292
1309,11021714783,18.7644485,73.4523149
1310,11021714788,18.7640958,73.4529645
1311,11021714789,18.7639892,73.4532456
1312,11021714795,18.7738679,73.4523261
1313,11021729405,18.7617584,73.4375793
1314,11021729406,18.7629523,73.4393442
1315,11021729412,18.7598235,73.4370589
1316,11021729414,18.7615296,73.4368282
1317,11021729416,18.7625103,73.4366727
1318,11021754106,18.7619158,73.4349668
1319,11021754108,18.7619056,73.4342586
1320,11021754110,18.7617583,73.4332179
1321,11021754111,18.7617329,73.4330569
1322,11021754118,18.7620582,73.4342051
1323,11021754119,18.7621697,73.4341084
1324,11021754122,18.7624948,73.4328638
1325,11021754125,18.7622411,73.4346825
1326,11021754129,18.7623528,73.4356159
1327,11021754130,18.7624189,73.4360934
1328,11021754135,18.7637347,73.4380567
1329,11021754148,18.7656246,73.439768
1330,11021754149,18.7630231,73.4354227
1331,11021754150,18.7629011,73.4349506
1332,11021754152,18.7631729,73.4359055
1333,11021754156,18.7627995,73.4345161
1334,11021754157,18.7627386,73.4342693
1335,11021754158,18.762698,73.4349882
1336,11021756418,18.7649483,73.434618
1337,11021756419,18.7635056,73.4386361
1338,11022318617,18.7758431,73.3987408
1339,11022318618,18.7762595,73.3979254
1340,11024952663,18.7071661,73.4345643
1341,11024952684,18.7036456,73.4343658
1342,11024952694,18.7039958,73.436812
1343,11024952700,18.7016893,73.4382712
1344,11024962086,18.7285571,73.4416929
1345,11024962087,18.7285063,73.4413611
1346,11024962088,18.7090308,73.4425467
1347,11024962137,18.7198879,73.4416616
1348,11024962139,18.7231598,73.4415489
1349,11024962141,18.7264723,73.441608
1350,11024962178,18.7107184,73.4503681
1351,11024962181,18.7141126,73.4448109
1352,11024962184,18.7191208,73.4408462
1353,11024962185,18.7200776,73.4367477
1354,11024962192,18.7220896,73.4363293
1355,11024962205,18.7192545,73.4370481
1356,11024962234,18.7201202,73.4416523
1357,11024962238,18.723363,73.4401596
1358,11024962239,18.7237362,73.4415489
1359,11024962263,18.7216269,73.4367759
1360,11024962281,18.7255735,73.437535
1361,11024962303,18.7329147,73.4437703
1362,11024962310,18.7296217,73.4504002
1363,11024962318,18.7313219,73.4507955
1364,11024962329,18.7297103,73.4520393
1365,11024962330,18.7262502,73.4507974
1366,11024962333,18.7261791,73.451243
1367,11024962334,18.7255846,73.4524016
1368,11024962336,18.7256354,73.4518384
1369,11024962339,18.7250968,73.4510057
1370,11024962340,18.7273833,73.4530131
1371,11024962349,18.7227252,73.4521438
1372,11024962351,18.7225778,73.4526641
1373,11024962354,18.7228625,73.4536445
1374,11024962358,18.7225575,73.4543593
1375,11024971653,18.7242534,73.4506691
1376,11024971654,18.7222265,73.4517682
1377,11024971661,18.7223847,73.4511728
1378,11024971662,18.7199251,73.4473263
1379,11024971667,18.7202959,73.4500301
1380,11024971676,18.7187306,73.447938
1381,11024987450,18.7254576,73.4296032
1382,11024987470,18.7274645,73.445894
1383,11024987471,18.7275662,73.4458994
1384,11024987477,18.7271495,73.44554
1385,11024987478,18.7257624,73.4465056
1386,11024987483,18.7268904,73.4463822
1387,11024987486,18.7260419,73.4453844
1388,11024987488,18.7266313,73.445599
1389,11024987490,18.7254017,73.4457063
1390,11024987498,18.7253153,73.4452074
1391,11024997623,18.700409,73.4434908
1392,11024997627,18.70016,73.4459263
1393,11024997633,18.7003937,73.4464949
1394,11024997653,18.7043413,73.4428686
1395,11024997654,18.7060037,73.4319843
1396,11024997658,18.7094685,73.4330495
1397,11024997659,18.7094194,73.4328057
1398,11024997662,18.704103,73.4365867
1399,11024997677,18.7042497,73.4475195
1400,11024997686,18.7035691,73.4486461
1401,11024997695,18.7038843,73.4488874
1402,11024997697,18.703528,73.4509259
1403,11024997704,18.7026135,73.4507865
1404,11024997705,18.7024717,73.4507972
1405,11024997783,18.7019056,73.4623092
1406,11024997784,18.7030606,73.450942
1407,11024999921,18.7200057,73.4445153
1408,11024999923,18.7247259,73.4470259
1409,11027439517,18.7708611,73.4074472
1410,11027439518,18.7708154,73.4081392
1411,11027439519,18.7707849,73.4083647
1412,11027439520,18.7708256,73.4067766
1413,11027439521,18.7705774,73.4065513
1414,11027439522,18.7709373,73.4068678
1415,11027439523,18.7711151,73.4070288
1416,11027439524,18.7710288,73.4065191
1417,11027439529,18.7713283,73.4078176
1418,11027439532,18.7729536,73.4056396
1419,11027439546,18.7711151,73.4023566
1420,11027439551,18.7706798,73.4036602
1421,11027439552,18.7781137,73.4011227
1422,11027439553,18.7779768,73.4011388
1423,11027439562,18.7781188,73.3993792
1424,11027449263,18.7748832,73.4007311
1425,11027449268,18.7748121,73.4023834
1426,11027449273,18.7750508,73.4040701
1427,11027449277,18.7758456,73.4056882
1428,11027449278,18.7766204,73.404792
1429,11027449279,18.7755986,73.4053609
1430,11027449280,18.7751576,73.405602
1431,11027449281,18.7753184,73.4060248
1432,11027449282,18.7763357,73.4054291
1433,11027449285,18.7770267,73.40388
1434,11027449286,18.7773315,73.4041643
1435,11027449287,18.7776413,73.4044755
1436,11027449288,18.7769302,73.4032975
1437,11027449289,18.7767321,73.4031022
1438,11027449290,18.7776464,73.4037888
1439,11027449292,18.7767829,73.4045881
1440,11027449295,18.7766509,73.4041751
1441,11027449300,18.7770166,73.404969
1442,11027449301,18.776656,73.4011388
1443,11027449303,18.7776991,73.4022653
1444,11027449304,18.7776108,73.402437
1445,11027452506,18.7781391,73.4027374
1446,11027452507,18.7785709,73.4016859
1447,11027452510,18.7783271,73.4018737
1448,11027452512,18.7777832,73.4025758
1449,11027452513,18.7786826,73.4031665
1450,11027452516,18.7735018,73.4025228
1451,11027452519,18.7741316,73.4023673
1452,11027452526,18.7732936,73.4025979
1453,11027452528,18.7743042,73.4007365
1454,11027452530,18.7751118,73.3989608
1455,11027452531,18.7755182,73.3991646
1456,11027452532,18.7759195,73.3993846
1457,11027452533,18.7765696,73.3997333
1458,11027452534,18.7753707,73.4005702
1459,11027452538,18.7758177,73.4002215
1460,11027452539,18.7768896,73.3980381
1461,11027452541,18.7766204,73.3984619
1462,11027452542,18.7763461,73.399004
1463,11027452543,18.7773975,73.3996226
1464,11027452550,18.7757569,73.4007096
1465,11027452551,18.7778344,73.3985906
1466,11027452553,18.7784388,73.3989554
1467,11027452554,18.7788203,73.3991919
1468,11027452556,18.7787436,73.3999532
1469,11027452560,18.7778209,73.4002536
1470,11027452561,18.7775702,73.4004628
1471,11027452562,18.7771639,73.4008169
1472,11027452566,18.779089,73.4001678
1473,11027452574,18.7799067,73.3998567
1474,11027619977,18.7061409,73.4750396
1475,11027619984,18.7061155,73.4734726
1476,11027619985,18.7076817,73.4693152
1477,11027619989,18.7090005,73.4682369
1478,11027619995,18.7102248,73.4688914
1479,11027619996,18.7070351,73.46048
1480,11027619999,18.7051552,73.4614878
1481,11027624373,18.7396879,73.4675939
1482,11027624383,18.7389259,73.4713268
1483,11027624384,18.7368378,73.4673679
1484,11027624385,18.7368175,73.4668646
1485,11027624391,18.7359995,73.4665245
1486,11027624392,18.7359995,73.4667564
1487,11027624394,18.7357252,73.4680331
1488,11027624395,18.7363399,73.467443
1489,11027624401,18.7353137,73.4675717
1490,11027624402,18.7376964,73.4637104
1491,11027626724,18.7290803,73.4674268
1492,11027626727,18.7284097,73.4672874
1493,11027626729,18.7275714,73.4675878
1494,11027626730,18.7283385,73.4694708
1495,11027626743,18.7262962,73.4673517
1496,11027626744,18.7379199,73.4781249
1497,11027626748,18.7380825,73.4766052
1498,11027626749,18.7365786,73.4775924
1499,11027626751,18.7365227,73.4780298
1500,11027626752,18.7371629,73.4775226
1501,11027626754,18.7362585,73.4775333
1502,11027626755,18.7359893,73.4775012
1503,11027626758,18.7351713,73.4773509
1504,11027626760,18.73698,73.47719
1505,11027626761,18.7360553,73.4769271
1506,11027626763,18.7347597,73.4777372
1507,11027626765,18.7347191,73.4778916
1508,11027626768,18.7347646,73.4772277
1509,11027626770,18.734714,73.476852
1510,11027626771,18.7348868,73.4778985
1511,11027626775,18.7333321,73.4765786
1512,11027626793,18.7321434,73.4765625
1513,11027626844,18.7250362,73.4755219
1514,11027626846,18.7244136,73.4762247
1515,11027644608,18.7055007,73.4596109
1516,11027644609,18.7015465,73.4625401
1517,11027644626,18.704987,73.4637631
1518,11027758134,18.7771691,73.3874501
1519,11027758136,18.7783373,73.3900452
1520,11027758155,18.7751479,73.3886077
1521,11027758156,18.7751479,73.3856527
1522,11027758158,18.7755904,73.3850884
1523,11027758161,18.7734886,73.3850405
1524,11027758163,18.7713131,73.3809242
1525,11027758171,18.7728367,73.3824809
1526,11027758172,18.7699521,73.3894068
1527,11027758184,18.7705394,73.3893256
1528,11027758185,18.7711151,73.3892459
1529,11027758186,18.7756393,73.3812798
1530,11027758191,18.7746552,73.380695
1531,11027758192,18.7768237,73.3820737
1532,11027758194,18.7778904,73.3833824
1533,11027829814,18.7707595,73.3967989
1534,11027829818,18.7721307,73.3952914
1535,11027829825,18.7741316,73.3953182
1536,11027829828,18.7737152,73.3945565
1537,11027829832,18.7721815,73.3944277
1538,11027829838,18.772862,73.3958225
1539,11027829839,18.7730876,73.3943687
1540,11027829840,18.7728015,73.3962087
1541,11027829850,18.7733343,73.3980527
1542,11027829854,18.772151,73.4003448
1543,11027829855,18.7720088,73.400849
1544,11027829860,18.7738936,73.3981972
1545,11027829861,18.7732493,73.3989394
1546,11027829862,18.7731709,73.3993039
1547,11027829864,18.77274,73.4005004
1548,11027829865,18.7729635,73.4005434
1549,11027829867,18.7733698,73.4006507
1550,11027829868,18.7756958,73.3977215
1551,11027829872,18.775193,73.3985342
1552,11027829885,18.7771587,73.3988427
1553,11027829888,18.7774839,73.401069
1554,11027895874,18.7696662,73.3877118
1555,11027895878,18.7696492,73.3871431
1556,11027895889,18.7646532,73.3901249
1557,11027895890,18.7647141,73.3906675
1558,11027895891,18.7633329,73.3920462
1559,11027895901,18.7642927,73.3919657
1560,11027895903,18.764318,73.3928938
1561,11027903006,18.7638509,73.3920301
1562,11027903010,18.7636427,73.392749
1563,11027903011,18.7629724,73.3929796
1564,11027903012,18.7631247,73.3936395
1565,11027903014,18.7622156,73.3937843
1566,11027903026,18.7648881,73.394612
1567,11029457770,18.7546166,73.3903778
1568,11029457772,18.7542009,73.3886095
1569,11029457777,18.7542565,73.3908016
1570,11029457778,18.7553477,73.3909893
1571,11029457780,18.7541764,73.3909571
1572,11029457783,18.7544929,73.3913704
1573,11029457799,18.7558332,73.3923681
1574,11029457802,18.7563147,73.3925903
1575,11029458122,18.7597568,73.4518217
1576,11029458126,18.7597764,73.4523713
1577,11029458128,18.7591117,73.4517734
1578,11029458129,18.7585367,73.4517108
1579,11029458130,18.7585783,73.4526854
1580,11029458135,18.7588425,73.4501801
1581,11029458137,18.7580395,73.450008
1582,11029458143,18.7607575,73.4493057
1583,11029458144,18.7614271,73.4492306
1584,11029490208,18.75451,73.3939023
1585,11029490209,18.7547021,73.3958066
1586,11029490210,18.7536667,73.3958388
1587,11029490213,18.7548451,73.3976895
1588,11029490214,18.7553121,73.3976466
1589,11029490221,18.752072,73.3963645
1590,11029490222,18.7519501,73.3974278
1591,11029490223,18.7519145,73.39777
1592,11029490224,18.752397,73.3975233
1593,11029490225,18.7509136,73.3975459
1594,11029490227,18.7509394,73.3970271
1595,11029500903,18.7530332,73.4287225
1596,11029502800,18.7451923,73.4454873
1597,11029517761,18.7502925,73.3984996
1598,11029517764,18.7477953,73.3960318
1599,11029517766,18.7489618,73.396579
1600,11029517771,18.7483563,73.3977002
1601,11029517772,18.7472467,73.3957797
1602,11029517775,18.7456515,73.3982313
1603,11029517776,18.7465495,73.3937583
1604,11029517777,18.7512674,73.3898038
1605,11029517779,18.7520294,73.3896214
1606,11029517781,18.752072,73.3944279
1607,11029517785,18.7514321,73.3940316
1608,11029517786,18.753946,73.3899325
1609,11029517787,18.7532509,73.3808237
1610,11029517791,18.7526466,73.3810651
1611,11029517793,18.7528257,73.3814942
1612,11029521206,18.7471635,73.4570682
1613,11029521210,18.7477484,73.4569716
1614,11029521214,18.7487287,73.4557378
1615,11029521217,18.7493891,73.4552067
1616,11029521219,18.7498711,73.454894
1617,11029521230,18.74208,73.453784
1618,11029521245,18.7451442,73.4548981
1619,11029521257,18.7466723,73.4571272
1620,11029521288,18.7460983,73.4549615
1621,11029521292,18.7499322,73.4560193
1622,11029521298,18.7500691,73.4558529
1623,11029521299,18.7497661,73.4552984
1624,11029540255,18.7451097,73.4567034
1625,11029540262,18.7420338,73.454681
1626,11029540270,18.7561921,73.452744
1627,11029540271,18.7560714,73.454281
1628,11029540273,18.7687279,73.4549975
1629,11029540277,18.7679931,73.4546813
1630,11029548107,18.7508349,73.3827477
1631,11029548110,18.7514984,73.3832421
1632,11029548111,18.757538,73.3882427
1633,11029548112,18.7575482,73.3887947
1634,11029548113,18.7573699,73.3897878
1635,11029548114,18.7573496,73.3893263
1636,11029548115,18.7578881,73.3897467
1637,11029548116,18.7579084,73.3892298
1638,11029549945,18.7667639,73.454992
1639,11029549960,18.7698758,73.455184
1640,11029549963,18.7691484,73.4556632
1641,11029603605,18.7396709,73.4301036
1642,11029603606,18.7410902,73.43015
1643,11029603615,18.7498774,73.4570592
1644,11029632557,18.7380825,73.3979149
1645,11029632560,18.738113,73.3969171
1646,11029632576,18.7366498,73.3901096
1647,11029632581,18.7375643,73.3976252
1648,11029632590,18.7345004,73.3910537
1649,11029632596,18.7373172,73.3805973
1650,11029717030,18.7659394,73.4541553
1651,11029717033,18.7651876,73.4539353
1652,11029717040,18.763592,73.4532241
1653,11029717060,18.7653852,73.4545523
1654,11029717061,18.7647803,73.4540536
1655,11029727121,18.7576799,73.4359593
1656,11029727124,18.759121,73.4355247
1657,11029727125,18.7596938,73.4366996
1658,11029727133,18.7602142,73.4356857
1659,11029727134,18.7588959,73.433749
1660,11029727140,18.7570399,73.4367747
1661,11029727142,18.7566184,73.4365601
1662,11029727143,18.7573396,73.4358842
1663,11029727147,18.7565371,73.4356427
1664,11029727148,18.7573592,73.4352831
1665,11029727152,18.7558667,73.4372039
1666,11029810222,18.7416381,73.464321
1667,11029810226,18.742931,73.4638256
1668,11029810229,18.7590686,73.4317899
1669,11031721964,18.750029,73.4555988
1670,11031966924,18.7439944,73.4527123
1671,11031996263,18.7652505,73.4556767
1672,11031996264,18.7637851,73.4546864
1673,11032147901,18.7328551,73.4251822
1674,11032231922,18.7334139,73.4215772
1675,11032231933,18.7298678,73.4265544
1676,11032231936,18.729135,73.4242162
1677,11032278670,18.7267024,73.4227626
1678,11032278701,18.7283738,73.4260402
1679,11032285205,18.7284184,73.4267436
1680,11032285206,18.7360453,73.4263086
1681,11032285207,18.735964,73.4267743
1682,11032285209,18.7358912,73.426163
1683,11032285218,18.7379066,73.4238946
1684,11032285223,18.7368353,73.4238989
1685,11032285224,18.7366454,73.4229125
1686,11032285231,18.7331748,73.4194582
1687,11032285232,18.7329512,73.4194528
1688,11032285233,18.7328191,73.4195065
1689,11032285235,18.7322044,73.4195547
1690,11032285239,18.7322664,73.4201388
1691,11032285240,18.7315448,73.4182883
1692,11032285241,18.7320784,73.4186155
1693,11032289659,18.7305133,73.418401
1694,11032289660,18.7306377,73.4176301
1695,11032289661,18.730996,73.418342
1696,11032289662,18.7316058,73.4179987
1697,11032289664,18.7310926,73.4177573
1698,11032289666,18.7300762,73.4198653
1699,11032289670,18.7322817,73.4204821
1700,11032289672,18.7276391,73.4199969
1701,11032289679,18.733298,73.4197633
1702,11032289682,18.735397,73.4192331
1703,11032289683,18.7353837,73.418631
1704,11032289687,18.7373916,73.4195494
1705,11032289691,18.737417,73.4191948
1706,11032289692,18.7366244,73.4195816
1707,11032323024,18.7240474,73.4269089
1708,11032323027,18.7364313,73.4183853
1709,11032323029,18.7364517,73.418691
1710,11032323031,18.7364618,73.4193238
1711,11032323032,18.7363856,73.4181063
1712,11033802113,18.7782912,73.452165
1713,11033802116,18.7778139,73.4512848
1714,11033802147,18.7749086,73.4654476
1715,11033802168,18.7736441,73.4605391
1716,11033802200,18.7753054,73.4388936
1717,11033818541,18.7707495,73.4585382
1718,11036707884,18.7604848,73.4249285
1719,11036707890,18.7628283,73.4141067
1720,11036707891,18.7628315,73.4148324
1721,11036707892,18.7630593,73.414958
1722,11036756496,18.7636381,73.4110602
1723,11037125249,18.7250099,73.4322065
1724,11037125273,18.7266392,73.4339372
1725,11037151564,18.7131566,73.4447107
1726,11037204393,18.7378461,73.4194633
1727,11037204401,18.738116,73.4187058
1728,11038671567,18.7348404,73.4265215
1729,11038671577,18.7349349,73.4255685
1730,11038671586,18.7317525,73.4028996
1731,11039593945,18.7078126,73.421418
1732,11039593949,18.705795,73.4224999
1733,11039593951,18.7053224,73.4226555
1734,11039593958,18.7052768,73.4219178
1735,11039593981,18.7062219,73.4199303
1736,11039604305,18.7040034,73.4219677
1737,11039604313,18.7036605,73.4206277
1738,11039604999,18.700971,73.4148211
1739,11039605001,18.7010654,73.4155146
1740,11042190850,18.705543,73.4204969
1741,11042233241,18.7011453,73.4162904
1742,11042233256,18.7035978,73.4132891
1743,11042233264,18.7018676,73.4137988
1744,11054730023,18.7711657,73.3980827
1745,11054731830,18.7711151,73.3989394
1746,11054744851,18.7726385,73.4008438
1747,11054744852,18.7730448,73.4000982
1748,11054746146,18.7721432,73.4026195
1749,11054746151,18.7729026,73.4027536
1750,11054753914,18.7734663,73.4039767
1751,11054753915,18.7736492,73.4042998
1752,11054753916,18.7742129,73.4049852
1753,11054901030,18.732662,73.4049207
1754,11054910668,18.7373472,73.4179878
1755,11054910669,18.7361774,73.4181224
1756,11054910679,18.7371351,73.4183101
1757,11054910684,18.7362383,73.4175645
1758,11056561154,18.7516611,73.4335827
1759,11056569916,18.7613671,73.4337436
1760,11056598470,18.7356185,73.417999
1761,11056598478,18.7365828,73.420912
1762,11056598482,18.7376253,73.4206491
1763,11056599024,18.7371833,73.4192318
1764,11056599026,18.7370918,73.4186106
1765,11056604427,18.7373814,73.4218454
1766,11056625874,18.7285571,73.4293461
1767,11056647068,18.7390884,73.4247637
1768,11056661086,18.7315225,73.4294361
1769,11056661087,18.7320167,73.4288245
1770,11056661092,18.7310057,73.4290048
1771,11056668723,18.7017357,73.4273599
1772,11056690417,18.7093012,73.4333466
1773,11056690418,18.7092477,73.4330945
1774,11056691056,18.704199,73.4269364
1775,11058978303,18.7567496,73.4538173
1776,11058978304,18.7561127,73.4537529
1777,11059020944,18.7640136,73.4525405
1778,11059030605,18.7648264,73.4532272
1779,11059030729,18.7633868,73.4542662
1780,11059035761,18.7628562,73.4421337
1781,11059043442,18.7516558,73.4425253
1782,11059075740,18.7487412,73.4575228
1783,11059075741,18.7487674,73.4570802
1784,11059096605,18.7549768,73.4536134
1785,11059104839,18.7491131,73.457
1786,11059131215,18.7608388,73.449987
1787,11059148021,18.7595437,73.456639
1788,11059148022,18.7609861,73.4566444
1789,11059151509,18.7593657,73.4498636
1790,11059159187,18.73536,73.4389095
1791,11059159188,18.735596,73.4392422
1792,11059229603,18.7412924,73.4544961
1793,11059265227,18.7284052,73.4470529
1794,11059265228,18.7280796,73.4467203
1795,11061241978,18.7497989,73.4618084
1796,11061326070,18.7419682,73.4638597
1797,11061332050,18.7420495,73.46151
1798,11061344318,18.7343081,73.4779074
1799,11061344319,18.7343233,73.4776138
1800,11061344320,18.7349835,73.4767072
1801,11061348829,18.7023404,73.4620183
1802,11061357871,18.7111813,73.4673625
1803,11061360044,18.7153475,73.4664987
1804,11064748119,18.702766,73.4611122
1805,11118466850,18.7582889,73.3939911
1806,11118499533,18.7604119,73.4136021
1807,11118530360,18.7690149,73.4081861
1808,11237559028,18.7504117,73.4072461
1809,11265410716,18.7615876,73.4226841
1810,11273667608,18.7557701,73.3910027
1811,11273712215,18.7549522,73.3925858
1812,11273712224,18.7546394,73.3937883
1813,11365614268,18.7368214,73.4267658
1814,11365647088,18.7378031,73.4270074
1815,11365647090,18.7369496,73.4275652
1816,11365709293,18.7356557,73.426156
1817,11365709296,18.7355577,73.4259621
1818,11365712431,18.7375527,73.4256125
1819,11365712437,18.7371842,73.4262353
1820,11365712982,18.73559,73.4254702
1821,11365714574,18.7356463,73.4262883
1822,11365788079,18.7392064,73.4311585
1823,11365788080,18.739626,73.4313227
1824,11545961643,18.7656609,73.4146835
1825,11747781139,18.7276488,73.4293776
1826,11752184146,18.7540156,73.4042926
1827,11806753225,18.754318,73.4014027
1828,11806753231,18.7539916,73.404288
1829,11806753232,18.7539841,73.4043727
1830,11806753237,18.7541562,73.4057936
1831,11806753240,18.7544602,73.4066496
1832,11806753246,18.7553627,73.4084814
1833,11806753248,18.7569312,73.4117156
1834,11806753253,18.7590026,73.4158419
1835,11806800711,18.7551303,73.4080142
1836,11806800714,18.7557672,73.405113
1837,11806820320,18.7576391,73.428608
1838,11806820327,18.7589567,73.428392
1839,11806820334,18.7597995,73.4277727
1840,11806820335,18.7584417,73.4285796
1841,11806820336,18.7585673,73.4280177
1842,11806820337,18.7576655,73.4284577
1843,11806820340,18.7584549,73.4285204
1844,11806893088,18.7588836,73.4327493
1845,11806893089,18.7585323,73.4320993
1846,11806893094,18.7589533,73.432
1847,11808848140,18.7340145,73.4397389
1848,11808886025,18.7332753,73.4450168
1849,11808886033,18.7328997,73.4445327
1850,11808975343,18.7604046,73.4636376
1851,11808975344,18.7615856,73.4537662
1852,11808975345,18.7612648,73.448045
1853,11808975346,18.7611374,73.4465844
1854,11808975347,18.7610667,73.4465974
1855,11808975348,18.7591956,73.4354693
1856,11808975349,18.7590177,73.4347612
1857,11808975350,18.7589476,73.4347937
1858,11809022189,18.7607712,73.4291856
1859,11809022190,18.7606642,73.4292283
1860,11922269022,18.7618117,73.3915342
1861,12086930494,18.7589938,73.4317799
1862,12086930498,18.7607527,73.4307728
1863,12177730531,18.7475,73.4135195
1864,12213429801,18.7406877,73.4479024
1865,12213429819,18.7441964,73.4332458
1866,12378744253,18.7414587,73.4794577
1867,12452809059,18.7796389,73.3880107
1868,12452809061,18.7795658,73.3879602
1869,12452809062,18.7796567,73.3877966
1870,12509588524,18.7453891,73.4776351
1871,12509588528,18.746641,73.4772952
1872,12517078205,18.733267,73.4441273
1873,12648904575,18.7485676,73.3911543
1874,12657860928,18.7763968,73.4020185
1875,12657860930,18.775899,73.4024477
1876,12657860931,18.7760564,73.4027589
1877,12657860932,18.7758787,73.4028662
1878,12657860937,18.7661576,73.3953666
1879,12657860938,18.769439,73.3804664
1880,12657860939,18.7700079,73.3800137
1881,12657860940,18.7697891,73.3806326
1882,12657866344,18.7566732,73.3852011
1883,12657866349,18.7575228,73.3842086
1884,13357858752,18.7721363,73.4032129
1885,13370962987,18.7425349,73.4257102
1886,13444846929,18.7617569,73.4464749
1887,13444846931,18.7619808,73.4464905
1888,13444846936,18.76162,73.4459795
1889,13508293981,18.7223351,73.4415699
1890,13508293983,18.7220939,73.442006
1891,13509802926,18.733716,73.4193895
1892,13509802927,18.7337041,73.4183047
1893,13509802928,18.7337076,73.4184605
1894,13509802929,18.7329366,73.4184817
1895,13509802930,18.7337146,73.4187754
1896,13509802931,18.7330338,73.4187754
1897,13509802932,18.7337198,73.4190124
1898,13509802933,18.7331712,73.4190267
1899,13509802934,18.735533,73.4230977
1900,13509802943,18.7546174,73.4451922
1901,13509802945,18.7540657,73.445684
1902,13509802946,18.7541424,73.4451784
1903,13509802947,18.7536815,73.4450106
1904,13509802951,18.7546174,73.4448223
1905,13509802958,18.7518052,73.445343
1906,13509802959,18.7516027,73.4470322
1907,13509802960,18.7511145,73.4445056
1908,13509802961,18.75302,73.4455095
1909,13509802962,18.7531941,73.4445977
1910,13509802963,18.7531356,73.4449039
1911,13509802964,18.7523322,73.4454127
1912,13509802965,18.7524531,73.4447694
1913,13509802966,18.7533214,73.4452277
1914,13509802967,18.7523947,73.4450801
1915,13509802968,18.7530811,73.4451895
1916,13509802969,18.7520783,73.4441717
1917,13509802970,18.7519973,73.4446796
1918,13509802971,18.7512959,73.4445414
1919,13514088409,18.7333601,73.4282395
1920,13514088413,18.7326496,73.4293443
1921,13514088436,18.7570475,73.4448277
1922,13514088444,18.7609806,73.4454386
1923,13514088445,18.7609105,73.4454491
1924,13514088446,18.7580101,73.4452112
1925,13514088451,18.7595639,73.4461622
1926,13514088452,18.7592766,73.4456946
1927,13514088453,18.7592102,73.4460547
1928,13514088458,18.7564684,73.4501519
1929,13677324782,18.7335116,73.4437913
1930,14065740832,18.7583195,73.4522462
